id,platform,post_text,generated_reply,timestamp
1,linkedin,"Say Hello to A2A: The Future of AI Agent Collaboration Google just introduced the Agent2Agent (A2A) protocol, and itâ€™s a big leap forward in how AI agents interact and work together. If youâ€™re familiar with MCP (Model Context Protocol), you know it allowed apps to send structured context to LLMs â€” kind of like plugging your app directly into an AI brain. A2A takes it further. It enables AI agents themselves to communicate, coordinate, and collaborate across different systems using a shared, open protocol. Whatâ€™s even more exciting? Over 50 companies, including big names like Google , Cohere ,SAP,Cognizant,Capgemini ,Infosys, Replit ,LangChain ,Atlassian and more, have come together to support and contribute to this open standard. A2A means: Agents speak the same language using structured message formats (roles, content types, IDs) Cross-platform compatibility for multi-agent workflows Real interoperability across AI ecosystems Check out this: https://lnkd.in/grzUzNeC hashtag#A2A hashtag#AIagents hashtag#Interoperability hashtag#MCP hashtag#ArtificialIntelligence hashtag#MultiAgentSystems hashtag#OpenStandards hashtag#GoogleAI hashtag#OpenAI hashtag#SAP hashtag#Google",This is incredibly exciting news!  The potential for collaborative AI agents using a standardized protocol like A2A is truly transformative.  I'm particularly interested in seeing how this improves cross-platform workflows and interoperability. Thanks for sharing this insightful update.,2025-05-19 05:44:28.964994
2,linkedin,"Are Indian Startups overhyped? Is there any innovation really happening through Indian startups? Why are we lacking v/s China? ""ğŸ“º The Prime Time show 'Debate with Arnab' on hashtag#RepublicTV ğŸ“º""  We discussed these topics on the show and as part of panel representing founder's viewpoint, I didn't realize the big responsibility upon us - To express our point of view strongly, while maintaining optimism and conviction amidst all the negativity around the subject. The show opened on a provocative note ğŸ’£ , with startups labeled as hashtag#scams, founders branded as hashtag#frauds, and VC investments dismissed as money laundering schemes. Despite the harsh narrative, the founders on the panel remained composed and asserted that such generalizations overlook the broader reality - a few out-of-context examples, referred without ascertaining facts, do not define the entire startup universe. We emphasized the genuine hashtag#innovation emerging from Indian startups, as well as the structural challenges they face (see clip) To continue the narrative, I strongly believe that driving a radical transformation in deep tech innovation requires a strong alliance between the government, corporates, and academia - one that offers patient capital, supportive policy frameworks, and access to advanced research. This collaborative effort can empower founders to take bold, unconventional, and future-facing risks. ğŸš€  P.S. - Refer link in comments to view entire episode P.P.S - Had a great chat with hashtag#ArnabGoswami post the show. Found him very different from onscreen persona - warm, forthcoming and definitely not loud :-) hashtag#deeptechinnovation hashtag#StartupMahakumbh hashtag#startups ARTPARK nasscom deeptech FloMobility Republic World Blume Ventures DevX LetsVenture Indian Institute of Science (IISc) JITO INCUBATION & INNOVATION FOUNDATION","That was a powerful statement on a challenging topic.  Your point about the need for a collaborative effort between government, corporates, and academia to foster deep tech innovation is crucial.  I'd be interested in reading more about your perspectives on specific policy changes that could facilitate this.  Thanks for sharing your experience on the show.",2025-05-19 05:44:33.984449
3,linkedin,"Startup Mahakumbh â€“ An Experience to Remember! Today was special. I walked into Startup Mahakumbh â€“ Bharat Innovates, not knowing what to expect. But the moment I stepped in, I felt the energy. Ideas were flowing, people were excited, and every corner had a story. I met founders who spoke about their startups with so much passion that you could feel their belief. I saw investors listening closely, looking for the next big thing. And in between, there were people like meâ€”curious, inspired, and just soaking it all in. The best part? The real, raw conversations. Not just about success, but also the strugglesâ€”the risks, the failures, the moments of doubt. Because thatâ€™s what building something truly takes. I left the event with more than just connections. I left with inspiration, new ideas, and a reminder that big things start with small steps. Thanks to WebMobril Inc., Rajeev Saxena and I got to experience Startup Mahakumbh firsthandâ€”connecting with innovators and witnessing how technology is shaping the future Were you there too? What was your favorite moment? Letâ€™s talk! ğŸš€ hashtag#StartupMahakumbh hashtag#BharatInnovates hashtag#Entrepreneurship hashtag#Networking","That sounds like an incredible experience!  The energy and raw conversations you describe are exactly what makes events like Startup Mahakumbh so valuable.  I'm particularly interested in hearing more about the ""moments of doubt"" you mentioned â€“  it's refreshing to hear the honest struggles alongside the successes.  I wasn't able to attend this year, but I'm definitely adding it to my list for next time.  What was one piece of advice or insight that resonated most with you?",2025-05-19 05:44:39.141692
4,linkedin,"Leadership. What does it actually mean? Itâ€™s navigating through uncertainty with confidence and intention. Leadership is about direction â€” leadership is about SERVING, not controlling; true leaders never micromanage. Itâ€™s not about when you get there, but how you get there â€” with your leader supporting You. The journey is about You. The journey defines You. Trust and being trusted - always a two way street; thatâ€™s leadership at its core. Pick a good leader. hashtag#Leadership hashtag#LeadershipThoughts hashtag#WomenInLeadership hashtag#PurposeDriven hashtag#LasVegas2024 hashtag#Throwback hashtag#Mustang1970 hashtag#RedRock","That's a powerful reflection on leadership, especially highlighting the importance of service and mutual trust.  I appreciate your emphasis on the journey and the supportive role of a leader.  It's a perspective many could benefit from hearing.  #Leadership  #Mentorship",2025-05-19 05:44:43.996535
5,linkedin,"A leader is one who knows the way, goes the way, and shows the way.  Itâ€™s easy to tell people what to do, but leading by example is where true leadership lies. The best leaders set the standard through their actions, not just their words. hashtag#Leadership hashtag#trust hashtag#teambuilding","That's a powerful statement, and so true!  Leading by example fosters trust and builds strong teams.  I've found that consistent action, aligning words with deeds, is key to inspiring others and achieving shared goals.  #Leadership  #Inspiration #Results",2025-05-19 05:44:49.010921
6,linkedin,"Say Hello to A2A: The Future of AI Agent Collaboration Google just introduced the Agent2Agent (A2A) protocol, and itâ€™s a big leap forward in how AI agents interact and work together. If youâ€™re familiar with MCP (Model Context Protocol), you know it allowed apps to send structured context to LLMs â€” kind of like plugging your app directly into an AI brain. A2A takes it further. It enables AI agents themselves to communicate, coordinate, and collaborate across different systems using a shared, open protocol. Whatâ€™s even more exciting? Over 50 companies, including big names like Google , Cohere ,SAP,Cognizant,Capgemini ,Infosys, Replit ,LangChain ,Atlassian and more, have come together to support and contribute to this open standard. A2A means: Agents speak the same language using structured message formats (roles, content types, IDs) Cross-platform compatibility for multi-agent workflows Real interoperability across AI ecosystems Check out this: https://lnkd.in/grzUzNeC hashtag#A2A hashtag#AIagents hashtag#Interoperability hashtag#MCP hashtag#ArtificialIntelligence hashtag#MultiAgentSystems hashtag#OpenStandards hashtag#GoogleAI hashtag#OpenAI hashtag#SAP hashtag#Google",This is incredibly exciting news!  The potential for collaborative AI agents through a standardized protocol like A2A is game-changing.  I'm particularly interested in seeing how this impacts cross-platform workflows and improves interoperability.  Thanks for sharing this insightful article!,2025-05-19 05:47:40.286965
7,linkedin,"Are Indian Startups overhyped? Is there any innovation really happening through Indian startups? Why are we lacking v/s China? ""ğŸ“º The Prime Time show 'Debate with Arnab' on hashtag#RepublicTV ğŸ“º""  We discussed these topics on the show and as part of panel representing founder's viewpoint, I didn't realize the big responsibility upon us - To express our point of view strongly, while maintaining optimism and conviction amidst all the negativity around the subject. The show opened on a provocative note ğŸ’£ , with startups labeled as hashtag#scams, founders branded as hashtag#frauds, and VC investments dismissed as money laundering schemes. Despite the harsh narrative, the founders on the panel remained composed and asserted that such generalizations overlook the broader reality - a few out-of-context examples, referred without ascertaining facts, do not define the entire startup universe. We emphasized the genuine hashtag#innovation emerging from Indian startups, as well as the structural challenges they face (see clip) To continue the narrative, I strongly believe that driving a radical transformation in deep tech innovation requires a strong alliance between the government, corporates, and academia - one that offers patient capital, supportive policy frameworks, and access to advanced research. This collaborative effort can empower founders to take bold, unconventional, and future-facing risks. ğŸš€  P.S. - Refer link in comments to view entire episode P.P.S - Had a great chat with hashtag#ArnabGoswami post the show. Found him very different from onscreen persona - warm, forthcoming and definitely not loud :-) hashtag#deeptechinnovation hashtag#StartupMahakumbh hashtag#startups ARTPARK nasscom deeptech FloMobility Republic World Blume Ventures DevX LetsVenture Indian Institute of Science (IISc) JITO INCUBATION & INNOVATION FOUNDATION",This was a compelling contribution to the discussion on Indian startups!  Your point about the need for a stronger government-corporate-academia alliance for deep tech innovation is particularly insightful.  I agree that focusing on the positive progress amidst the negativity is crucial.  Thanks for sharing your experience on the show.,2025-05-19 05:47:45.320282
8,linkedin,"Startup Mahakumbh â€“ An Experience to Remember! Today was special. I walked into Startup Mahakumbh â€“ Bharat Innovates, not knowing what to expect. But the moment I stepped in, I felt the energy. Ideas were flowing, people were excited, and every corner had a story. I met founders who spoke about their startups with so much passion that you could feel their belief. I saw investors listening closely, looking for the next big thing. And in between, there were people like meâ€”curious, inspired, and just soaking it all in. The best part? The real, raw conversations. Not just about success, but also the strugglesâ€”the risks, the failures, the moments of doubt. Because thatâ€™s what building something truly takes. I left the event with more than just connections. I left with inspiration, new ideas, and a reminder that big things start with small steps. Thanks to WebMobril Inc., Rajeev Saxena and I got to experience Startup Mahakumbh firsthandâ€”connecting with innovators and witnessing how technology is shaping the future Were you there too? What was your favorite moment? Letâ€™s talk! ğŸš€ hashtag#StartupMahakumbh hashtag#BharatInnovates hashtag#Entrepreneurship hashtag#Networking","That's fantastic to hear!  The energy and raw authenticity of Startup Mahakumbh really shine through in your post.  Connecting with founders and investors on such a human level is invaluable. I especially appreciate your point about the importance of acknowledging the struggles alongside the successesâ€”it's a crucial, often overlooked aspect of entrepreneurship.  I wasn't there this time, but I'm definitely adding it to my list for next year. What was the most unexpected takeaway for you?",2025-05-19 05:47:50.792762
9,linkedin,"Leadership. What does it actually mean? Itâ€™s navigating through uncertainty with confidence and intention. Leadership is about direction â€” leadership is about SERVING, not controlling; true leaders never micromanage. Itâ€™s not about when you get there, but how you get there â€” with your leader supporting You. The journey is about You. The journey defines You. Trust and being trusted - always a two way street; thatâ€™s leadership at its core. Pick a good leader. hashtag#Leadership hashtag#LeadershipThoughts hashtag#WomenInLeadership hashtag#PurposeDriven hashtag#LasVegas2024 hashtag#Throwback hashtag#Mustang1970 hashtag#RedRock","That's a powerful reflection on leadership, especially highlighting the importance of service and trust.  I particularly appreciate your emphasis on the journey and supporting those you lead.  It's a perspective often overlooked. #Leadership  #Mentorship",2025-05-19 05:47:56.479158
10,linkedin,"A leader is one who knows the way, goes the way, and shows the way.  Itâ€™s easy to tell people what to do, but leading by example is where true leadership lies. The best leaders set the standard through their actions, not just their words. hashtag#Leadership hashtag#trust hashtag#teambuilding",That's a powerful statement about leadership. I completely agree that leading by example builds trust and fosters a strong team environment.  It's inspiring to see leaders who embody this principle. #Leadership #Inspiration #Teamwork,2025-05-19 05:48:02.137074
11,linkedin,"Interviews are all about the details! â—ï¸ Every nuance of a candidateâ€™s responseâ€”tone, word choice, stories, even the questions they ask youâ€”can reveal their true potential. Look beyond the resume; ask the right questions to uncover problem-solving skills and cultural fit. Top 3 tips:  1) Probe for real examples, not hypotheticals.  2) Watch for passionâ€”itâ€™s a sign of engagement.  3) Test adaptability with curveball questions.  hashtag#InterviewTips hashtag#HiringSmart","That's excellent advice!  I especially appreciate the emphasis on probing for real-world examples â€“ it's so much more revealing than hypothetical scenarios.  Adding curveball questions is a great way to assess adaptability under pressure, too.  Thanks for sharing these practical tips! #InterviewTips #HiringBestPractices",2025-05-19 05:48:06.991347
12,linkedin,"Have you ever been in an interview that felt more like catching up with an old friend? Thatâ€™s exactly how it felt last week. The conversation flowed so naturally and it wasnâ€™t an interrogation, just a genuine, lively chat.  The interviewer exuded kindness and gentleness. It made the whole experience feel effortless.",That's wonderful to hear!  A relaxed and friendly interview atmosphere truly makes all the difference. It sounds like you connected well with the interviewer â€“ that's a great sign.  Best of luck with the next steps!,2025-05-19 05:48:11.880471
13,linkedin,"Work Culture: The Heartbeat of Every Organization ğŸ‘‰ğŸ»Work culture isnâ€™t one-size-fits-all. What thrives at ""Company A"" might look completely different at ""Company B"". Some prioritize flexibility, others focus on collaboration, while some champion innovation at every turn.  But hereâ€™s the truth: a strong work culture isnâ€™t just about perks or policiesâ€”itâ€™s about the values, behaviors, and people that shape everyday experiences.  For me the best work culture is there where a company prioritizes the want of the employees and makes them happy in every single way.  'Working should be fun not a burden' âœŒğŸ» Whatâ€™s the work culture like at your organization? Iâ€™d love to hear how itâ€™s shaping your experience.  hashtag#WorkCulture hashtag#Leadership hashtag#CompanyValues hashtag#linkedinguide","That's a great point about work culture being so diverse!  At [Your Company Name], we're really focused on fostering a collaborative and supportive environment.  Employee well-being is a top priority, and we find that translates directly into increased innovation and productivity.  I'd be interested to hear more about what initiatives your company uses to prioritize employee happiness â€“ it's something we're always looking to improve upon. #WorkCulture #EmployeeWellbeing #Leadership",2025-05-19 05:48:17.065951
14,linkedin,"!!Why Culture Matters More Than We Think!! A great workplace isnâ€™t just about targets and deadlines. Itâ€™s about learning, bonding, and having open conversations. -If we stop learning, we stop growing. -If we donâ€™t bond, we work in silos. -If we canâ€™t speak freely, we miss out on great ideas, valuable learning, and even basic presentation skills. The best teams arenâ€™t just smart; they share knowledge/knowledge transfer is an everyday thing, trust each other, and create a space where everyone feels heard. Because when people learn together, grow together, and think together, success follows. Does your workplace have this culture? hashtag#workingculture hashtag#workplace",That's a powerful message!  I completely agree that a strong culture is the bedrock of any successful organization.  Knowledge sharing and open communication are crucial for growth and innovation.  It's inspiring to see you championing this.  What specific initiatives has your company implemented to foster this type of collaborative environment? #workingculture #workplaceculture #leadership,2025-05-19 05:48:22.159607
15,linkedin,"Founders are delusional. And babies look like aliens. Had a great conversation this morning with my friend William Toussaint about his solution thatâ€™s going to change the golf industry. My best advice? Find someone to call your baby ugly and validate your delusion. Youâ€™re building something that doesnâ€™t exist. Youâ€™re selling a vision nobody asked for. Yet. Youâ€™re pitching V1 like itâ€™s a rocket ship, knowing full well itâ€™s held together by duct tape and caffeine. And still, you believe. You have to be a little bit delusional to be a great founder. But you also have to be honest enough to admit when your babyâ€™s not quite ready for the photo album.  Thatâ€™s where the magic is bold belief with brutal honesty. Build the thing. Fix the weird-looking parts. Keep going. hashtag#Startups hashtag#Founders hashtag#BuildInPublic hashtag#DelusionalButRight hashtag#FounderLife","William, this is a fantastic post!  The analogy of the ""baby"" product and the need for both delusional belief and brutal honesty is spot on.  It perfectly captures the rollercoaster of the startup journey.  Thanks for sharing your insights! #FounderLife #StartupWisdom",2025-05-19 05:48:26.996808
16,twitter,Hi everyone  I've created a group for developers & engineers and we are 800+ strong ğŸ”¥ If you are interested drop a ğŸ‘‹ And I'll send you the invite link,"Wow, 800+!  That's amazing! ğŸ‘‹ Count me in!",2025-05-19 05:48:31.777783
17,twitter,"ğŸ’¥ ANNOUNCEMENT: Opik v1.2 is released! ğŸ’¥ Opik is an open source LLM evaluation framework for: ğŸ”¥ Implementing LLM-based metrics ğŸª² Logging/debugging LLM traces ğŸ’¯ Scoring, annotating, and versioning LLM data And so much more. Check out the repo below.",Whoa! ğŸš€  Huge congrats on the v1.2 release!  The LLM evaluation space needs this.  Will definitely check out the repo!  #LLMs #opensource #AI,2025-05-19 05:48:36.747976
18,twitter,"T 5347 - à¤¬à¤¡à¤¼à¥€ à¤•à¥‹à¤¶à¤¿à¤¶ à¤•à¤° à¤°à¤¹à¥‡ à¤¹à¥ˆà¤‚, à¤²à¥‡à¤•à¤¿à¤¨ à¤¯à¥‡ 49M followers à¤•à¤¾ à¤¨à¤‚à¤¬à¤° à¤¬à¤¢à¤¼ à¤¹à¥€ à¤¨à¤¹à¥€à¤‚ à¤°à¤¹à¤¾ à¤¹à¥ˆ  à¥¤ à¤•à¥‹à¤ˆ à¤‰à¤ªà¤¾à¤¯ à¤¹à¥‹ à¤¤à¥‹ à¤¬à¤¤à¤¾à¤‡à¤  !!!",@username  49M is HUGE already!  ğŸ’ª  Maybe focus on engagement metrics instead of just follower count?  Quality over quantity often wins.  What kind of content are you posting? ğŸ¤”,2025-05-19 05:48:41.665113
19,twitter,"During a job interview, if the interviewer asks, 'Would you consider leaving if you found a better opportunity elsewhere?' how would you respond?","Great question!  I'd focus on my commitment to the *current* role & highlight my ambition to grow *within* the company.  Something like, ""I'm always looking to learn and develop, but I'm genuinely excited about this opportunity and believe I can make a significant contribution here.""  #jobinterview #careers #interviewtips",2025-05-19 05:48:46.696772
20,twitter,Whatâ€™s your Sunday plans? 1. Keep shipping 2. Take the day off,Teamwork makes the dream work!  Option 2 sounds amazing though.  Hope you get some R&R! â˜€ï¸,2025-05-19 05:48:51.285468
21,twitter,Paid homage to Dr. Ambedkar along with other dignitaries at the Parliament House complex earlier this morning.,Great to see you honoring Dr. Ambedkar!  A truly inspiring figure.  #AmbedkarJayanti #Respect,2025-05-19 05:48:56.070817
22,twitter,Real grinders are still grinding on X without payout. Are you one of them?,Been grinding away too!  ğŸ’ª  Hoping for that payout soon.  Hang in there! #XCreator #NoPayNoProblem (yet!),2025-05-19 05:49:00.673456
23,twitter,"Question - aapke hisaab se match kaha pe gaya (according to you, where did the match go)? Axar Patel - Mumbai Indians ke paas gaya (went towards Mumbai).","Hmmm, interesting take! ğŸ¤”  I thought it might go the other way, but MI definitely seem to have the edge with Axar.  What are your thoughts on their chances now? #IPL #MI #AxarPatel",2025-05-19 05:49:05.294863
24,twitter,I'm unemployed. I got laid off. Been remote dev for 4 years. But honestly happy. I'm not getting another job. I'm going 100% in on myself. I am destined to make it happen. If you wanna win? Have no other option other than to win.,"Wow, that's a bold move! ğŸ’ª  Respect the hustle.  What's the plan?  Excited to see what you build! #NoExcuses #SideHustle #Entrepreneur",2025-05-19 05:49:10.025610
25,twitter,"Travelling to Delhi for few days, is there anything I should keep in mind?ğŸ¤”","Delhi's amazing!  Definitely check out the food scene â€“ incredible street food!  Also, be prepared for some traffic.  Have a fantastic trip!  #Delhi #India #TravelTips",2025-05-19 05:49:14.716782
26,insta,"Do you agreeâ‰ï¸ğŸ¤” Have an IDEA for a SHORT FILMâ‰ï¸ Weâ€™ll give you $10,000 to make it ğŸ¬ğŸ¥ğŸ‘‡ Only 2ï¸âƒ£ DAYS LEFT to submit your SHORT SCRIPT! The Late DEADLINE for our Shorts Screenplay Competition is APRIL 15thâ€¼ï¸ğŸ¬ğŸ‘‡ âœ… Grand Prize: Get $10,000 ğŸ’µ Cash Grant and get Your Short Screenplay PRODUCED! ğŸ¥ âœ… EXCLUSIVE written FEEDBACK report from one of our 5 OSCAR-WINNING judges! ğŸ“ âœ… TWO MENTORSHIPS from TWO Short Film OSCAR-WINNERS! ğŸ† ğŸ‘‰ğŸ”Click the Link in Bio to SubmitğŸ”ğŸ‘ˆ or go to www.OutstandingScreenplays.com Follow: @outstanding.screenplays","OMG, this is HUGE! ğŸ¤©  $10k and feedback from Oscar winners?!  Definitely sharing this with my filmmaker friends!  Good luck to everyone who enters! âœ¨  #shortfilm #filmmaking #contest # filmmakingcommunity",2025-05-19 05:49:19.499651
27,insta,"If youâ€™re spending time scrolling and not profiting, youâ€™re basically lighting money on fire. I earn 10k/month on a bad months spending no more than 30 minutes to an hour a day. And I started because I was a full time banker... I didnâ€™t have a lot of time during the day ğŸ‘€ ğŸ’¬ comment â€œ2025â€ Iâ€™ll send you a free video guide with all of the steps to get started. Get a free 1:1 call with me when you start by 4/13!","Whoa, that's inspiring! ğŸ”¥  Banking hours are *intense*, so I can totally see needing a side hustle.  Tell me more about this video guide â€“  I'm intrigued!  ğŸ¤”  2025",2025-05-19 05:49:24.239061
28,insta,"Whales, the ocean's largest creatures, were once land-dwelling animals that walked on four legs. Around 50 million years ago, their ancestors roamed the shores, evolving into the marine giants we know today. One of the first cetaceans, Pakicetus, was a goat-sized creature that lived along the banks of lakes and rivers in present-day Pakistan. For more, visit the link in our bio #etribune","Wow, that's incredible! ğŸ¤¯  I never knew whales started out on land.  Thanks for sharing this fascinating fact!  Definitely checking out the link in your bio. ğŸ³",2025-05-19 05:49:28.965703
29,insta,"Save these insane websites useful fo graphic designers! . Hey guys, I am Yash (Brand and Graphic Designer) You can DM me if you need Brand identity, posters and logo designs for your brand Follow @designeryash_ for more #freelancegraphicdesigner #graphicdesigner #adobephotoshop #graphicdesignblog #freefonts #branddesigner ","Whoa, these links are ğŸ”¥!  Thanks for sharing, Yash!  Already bookmarked a few.  Your work looks amazing too â€“ that portfolio is seriously impressive! âœ¨ #graphicdesigninspo",2025-05-19 05:49:33.656125
30,insta,Want to make your product or brand pop like never before? These Action Figure Kit Videos are trending â€” and Iâ€™ll show you how to make them in just a few steps! Perfect for: âœ¨ Designers âœ¨ Influencers âœ¨ Product Owners ğŸ“º Full tutorial link in bio. ğŸ–‡ï¸,"OMG, this looks amazing! ğŸ¤©  Action figures?  Definitely checking out that tutorial!  My product pics are SO boring right now.  Thanks for sharing! ğŸ™Œ",2025-05-19 05:49:38.404454
31,insta,"I gain 100-200 followers a day ğŸ‘‡ People pay thousands of dollars for this strategy. âœ… Don't forget to SAVE this and 10x your growth. You wouldn't want to LOSE it ğŸ˜¨ Stop complaining about low reach, no engagement and slow growth. Everything you need to grow on Instagram is in your control. âœ¨ Remember to check your insights every week, and double down on what works. âœ¨ Keep posting consistently for 120-180 days to see results. âœ¨ Have patience. Trust the process, and don't get attached to the results. Follow to become an authority on Instagram: @akilasocial @akilasocial . . . . . #instagramstrategy #instagramgrowthstrategy #instagrammarketingtips #contentmarketingstrategy #marketingdigital #organicmarketing #digitalmarketingtips #socialmediastrategist #socialmediacoach #socialmediamarketingtip #instagramgrowth #instagramcoach #femalecoaches #growmyinstagram #contentstrategytips #personalbrandingtips #instagrambranding #socialmediagrowth #instagramseo #femalebusinesscoach ","Wow, amazing results! ğŸ’¯  That's seriously inspiring.  Saving this post ASAP â€“ thanks for sharing your strategy! âœ¨  I'm definitely going to focus on those insights.  What's your favorite tool for tracking them? ğŸ¤”",2025-05-19 05:49:42.984455
32,insta,Stop using one format on Instagram âŒï¸ ğŸ‘‰ Follow @marketingnisha ğŸ‘ˆ -- You can do much more with other IG formats as well. It's better to make the most out of all the Instagram formats for better reach and Growth. Reels -- For Recommendations For Reach For Attention For Recognition Singles -- For Quick Content For More Saves and shares For Reach For Testimonials Carousels -- For Case Studies For High conversion For In-Depth Knowledge Stories -- For Selling Services For News and updates For Trust Building IG lives -- For Build Audience For Create authority For Engagement DMs -- For Networking For Lead conversation For Asking Collab P.S. Use all the formats and analyze what's working best for your business. -- Now have a look ğŸ‘‰ ğŸ’¾ Save this Now. For more IG Growth and marketing content ğŸ‘‡ ğŸ’œ Follow @marketingnisha . . . . . . Hashtags #ï¸âƒ£ #instagramgrowth #iggrowth #marketing #marketingstrategy #marketingtips #marketingstrategies #contentcreation #instagrammarketing #instagramexpert #contentmarketing #instagrambusiness #socialmediamarketing,"Wow, this is such a helpful breakdown of how to use different Instagram formats! ğŸ¤©  Thanks for sharing this valuable info, @marketingnisha!  Definitely saving this post for future reference.  I'm going to try incorporating more Reels â€“ they seem like a great way to boost reach. âœ¨",2025-05-19 05:49:47.853717
33,insta,"SAVE this! âœ¨ Your words MATTER more than you think it does. ğŸ¥‚â£ â£ The way you say thing means everything especially in marketing ğŸ˜Œâ£ â£ Use these phrases while creating content and you'll grab attention quickly ğŸ«‚â£ â£ â£ Happy creating! â£ â£ Your Coach & Believer â£â£â£ - Nit ğŸ©¶â£â£â£ â£â£â£ â£â£â£ Follow @dnityasingh to learn more about content marketing and storytelling â˜ºâ£â£â£ â£â£â£ â£ ___________â£â£â£ â£â£â£ â£â£ â£â£ Tags ğŸ”–â£â£â£ â£â£â£ â£â£â£ â£â£â£ Copywriting phrases, content writing, Storytelling, storytelling phrases, storytelling formula, how to use storytelling in content, content creation, content pillars, content marketing, social media marketing, digital marketing, AI marketing, personal brand, branding, emotional marketing, storytelling marketing","Wow, this is amazing! ğŸ¤©  Saved it immediately â€“ thanks for the super helpful phrases!  Can't wait to try them out in my next post. âœ¨",2025-05-19 05:49:52.560042
34,insta,"Weekly Recap ğŸ”¥ 1. Letzte Woche wurden Teambilder gemacht - und ich bin echt stolz, wer alles zu uns gekommen ist & mit an unserer Vision arbeitet 2. Q2 Meeting fÃ¼rs Marketing mit Dennis, Alex und Kristina 3. Dienstag ging es in die Heimat zu Mama 4. Ich liiiieeebe unsere View aus der Wohnung 5. Call mit unseren VIPs zum Thema Mitarbeiterleitung 6. Donnerstag ab 15 Uhr haben Alex & ich uns rausgenommen und we time gemacht 7. Unser Team in Action!! 8. - 10. EindrÃ¼cke von unserem Community Day am Samstag ğŸ”¥ ","Wow, what a busy and fulfilling week! ğŸ¤©  That team photo looks amazing â€“ so much positive energy!  The view from your apartment is breathtaking! ğŸ˜  Hope you had a relaxing ""we time"" with Alex.  Can't wait to hear more about the Community Day! ğŸ‰",2025-05-19 05:49:57.400197
35,insta,"Day 9 â€“ Dark Weather App ğŸŒ§ï¸ ğŸ’¬ Comment â€œFigmaâ€ below and Iâ€™ll DM you the file for FREE ğŸ Todayâ€™s design features a Dark Weather App â€” moody, clean, and easy on the eyes. Designed with minimal cards, clear data, and smooth animations in mind. Perfect for modern weather apps or dark-themed dashboards ğŸŒ™ ğŸ”¥ Iâ€™m giving away 30 days of Figma files for FREE â€” Just follow + comment â€œFigmaâ€ to get this one & stay tuned for the next! #uiux #uidesign #darkmode #weatherapp #mobileui #figmadesign #freefigma #dailyui #uichallenge #30daychallenge #uxdesign #figmafreebie #designinspo","Wow, this dark mode weather app is ğŸ”¥!  The design is so sleek.  Figma!  Definitely grabbing this freebie. Thanks for sharing! ğŸ™ #darkmodelover",2025-05-19 05:50:02.071382
